"Time","TemperatureF"
2012-10-01 00:04:00,64.3
2012-10-01 00:23:00,63.8
2012-10-01 00:28:00,63.8
2012-10-01 00:37:00,63.8
2012-10-01 00:45:00,64.1
2012-10-01 00:51:00,64.4
2012-10-01 00:56:00,64.3
2012-10-01 01:01:00,64.1
2012-10-01 01:15:00,63.1
2012-10-01 01:20:00,62.7
2012-10-01 01:25:00,62.5
2012-10-01 01:30:00,62.2
2012-10-01 01:39:00,61.8
2012-10-01 01:44:00,61.6
2012-10-01 01:53:00,61.5
2012-10-01 01:58:00,61.4
2012-10-01 02:03:00,61.3
2012-10-01 02:26:00,60.9
2012-10-01 02:31:00,60.9
2012-10-01 02:36:00,60.8
2012-10-01 02:41:00,61.1
2012-10-01 02:46:00,61.3
2012-10-01 02:55:00,61.3
2012-10-01 03:00:00,61.3
2012-10-01 03:18:00,60.8
2012-10-01 03:23:00,60.4
2012-10-01 03:32:00,60.4
2012-10-01 03:37:00,60.5
2012-10-01 03:42:00,60.5
2012-10-01 03:51:00,60.5
2012-10-01 03:56:00,60.4
2012-10-01 04:01:00,60.3
2012-10-01 04:15:00,59.6
2012-10-01 04:24:00,59.3
2012-10-01 04:33:00,59
2012-10-01 04:38:00,58.9
2012-10-01 04:46:00,58.5
2012-10-01 04:55:00,58.3
2012-10-01 05:04:00,58.4
2012-10-01 05:14:00,59
2012-10-01 05:23:00,59.2
2012-10-01 05:32:00,58.9
2012-10-01 05:37:00,59
2012-10-01 05:42:00,59
2012-10-01 05:47:00,59
2012-10-01 05:52:00,59.1
2012-10-01 05:58:00,59.2
2012-10-01 06:06:00,59.4
2012-10-01 06:20:00,58.6
2012-10-01 06:29:00,58
2012-10-01 06:34:00,57.8
2012-10-01 06:43:00,57.9
2012-10-01 06:48:00,57.9
2012-10-01 06:57:00,57.9
2012-10-01 07:05:00,58
2012-10-01 07:19:00,57.7
2012-10-01 07:28:00,57.6
2012-10-01 07:33:00,57.7
2012-10-01 07:42:00,58.2
2012-10-01 07:47:00,58.7
2012-10-01 07:56:00,59.7
2012-10-01 08:01:00,60.3
2012-10-01 08:17:00,61.9
2012-10-01 08:25:00,63.1
2012-10-01 08:34:00,64.7
2012-10-01 08:39:00,65.5
2012-10-01 08:44:00,66.2
2012-10-01 08:50:00,67.2
2012-10-01 08:58:00,69.6
2012-10-01 09:04:00,70.5
2012-10-01 09:21:00,72.3
2012-10-01 09:26:00,71.9
2012-10-01 09:31:00,72
2012-10-01 09:40:00,72.8
2012-10-01 09:45:00,73.1
2012-10-01 09:50:00,73.3
2012-10-01 09:59:00,74
2012-10-01 10:22:00,76.9
2012-10-01 10:31:00,77.8
2012-10-01 10:36:00,78.7
2012-10-01 10:44:00,79.7
2012-10-01 10:53:00,79.9
2012-10-01 10:58:00,79.9
2012-10-01 11:03:00,80.3
2012-10-01 11:23:00,83.4
2012-10-01 11:31:00,84.2
2012-10-01 11:37:00,84.3
2012-10-01 11:45:00,84.8
2012-10-01 11:50:00,85.1
2012-10-01 11:56:00,85.1
2012-10-01 12:04:00,86
2012-10-01 12:15:00,87.1
2012-10-01 12:23:00,87.7
2012-10-01 12:29:00,87.7
2012-10-01 12:37:00,87.8
2012-10-01 12:46:00,87.9
2012-10-01 12:51:00,88.3
2012-10-01 12:56:00,88.5
2012-10-01 13:05:00,89.2
2012-10-01 13:23:00,90.6
2012-10-01 13:32:00,91
2012-10-01 13:37:00,91.2
2012-10-01 13:46:00,91.7
2012-10-01 13:54:00,92.1
2012-10-01 13:59:00,92.2
2012-10-01 14:19:00,92.8
2012-10-01 14:24:00,92.9
2012-10-01 14:29:00,92.7
2012-10-01 14:38:00,92.3
2012-10-01 14:43:00,92
2012-10-01 14:52:00,92.3
2012-10-01 15:00:00,92.7
2012-10-01 15:18:00,93.3
2012-10-01 15:23:00,93.8
2012-10-01 15:28:00,93.7
2012-10-01 15:33:00,93.2
2012-10-01 15:38:00,92.9
2012-10-01 15:44:00,92.4
2012-10-01 15:52:00,92.5
2012-10-01 15:57:00,92.8
2012-10-01 16:06:00,92.2
2012-10-01 16:20:00,92.4
2012-10-01 16:29:00,91.7
2012-10-01 16:34:00,91.8
2012-10-01 16:43:00,91.9
2012-10-01 16:52:00,92.3
2012-10-01 17:00:00,92.2
2012-10-01 17:19:00,91.5
2012-10-01 17:28:00,91.1
2012-10-01 17:33:00,90.9
2012-10-01 17:38:00,90.7
2012-10-01 17:44:00,90.2
2012-10-01 17:49:00,89.7
2012-10-01 17:57:00,88.4
2012-10-01 18:03:00,87.6
2012-10-01 18:22:00,85.2
2012-10-01 18:27:00,84.5
2012-10-01 18:36:00,83.5
2012-10-01 18:41:00,83.1
2012-10-01 18:46:00,82.6
2012-10-01 18:55:00,81.6
2012-10-01 19:03:00,81.1
2012-10-01 19:26:00,79.5
2012-10-01 19:35:00,79
2012-10-01 19:44:00,78.4
2012-10-01 19:52:00,78
2012-10-01 19:57:00,77.8
2012-10-01 20:06:00,77.4
2012-10-01 20:16:00,76.6
2012-10-01 20:22:00,76.1
2012-10-01 20:30:00,75.8
2012-10-01 20:36:00,75.7
2012-10-01 20:41:00,75.4
2012-10-01 20:49:00,74.9
2012-10-01 20:58:00,74.1
2012-10-01 21:07:00,73.5
2012-10-01 21:17:00,72.9
2012-10-01 21:22:00,72.8
2012-10-01 21:31:00,72.3
2012-10-01 21:40:00,71.6
2012-10-01 21:49:00,71.2
2012-10-01 21:54:00,70.9
2012-10-01 22:03:00,70.3
2012-10-01 22:18:00,69.7
2012-10-01 22:27:00,69.4
2012-10-01 22:35:00,69.4
2012-10-01 22:44:00,69.6
2012-10-01 22:53:00,69.6
2012-10-01 23:02:00,69.3
2012-10-01 23:21:00,69.3
2012-10-01 23:30:00,69.3
2012-10-01 23:38:00,68.7
2012-10-01 23:43:00,68.6
2012-10-01 23:49:00,68.5
2012-10-01 23:57:00,68.4
2012-10-02 00:06:00,68.4
2012-10-02 00:20:00,68.4
2012-10-02 00:25:00,68.4
2012-10-02 00:30:00,68.4
2012-10-02 00:35:00,68
2012-10-02 00:44:00,67.5
2012-10-02 00:49:00,67.2
2012-10-02 00:58:00,66.8
2012-10-02 01:07:00,67.1
2012-10-02 01:21:00,67
2012-10-02 01:29:00,66.7
2012-10-02 01:35:00,66.3
2012-10-02 01:40:00,66
2012-10-02 01:45:00,65.6
2012-10-02 01:50:00,65.1
2012-10-02 01:59:00,64.7
2012-10-02 02:04:00,65.1
2012-10-02 02:21:00,64.9
2012-10-02 02:27:00,64.5
2012-10-02 02:35:00,64
2012-10-02 02:41:00,63.8
2012-10-02 02:46:00,63.6
2012-10-02 02:54:00,63.3
2012-10-02 03:03:00,63.3
2012-10-02 03:21:00,62.7
2012-10-02 03:26:00,62.6
2012-10-02 03:35:00,62.5
2012-10-02 03:43:00,62.3
2012-10-02 03:52:00,62.3
2012-10-02 03:57:00,62.2
2012-10-02 04:02:00,62
2012-10-02 04:21:00,61.6
2012-10-02 04:30:00,61.5
2012-10-02 04:35:00,61.3
2012-10-02 04:40:00,61.2
2012-10-02 04:46:00,61.1
2012-10-02 04:54:00,61.1
2012-10-02 05:03:00,60.9
2012-10-02 05:19:00,60.8
2012-10-02 05:24:00,60.7
2012-10-02 05:33:00,60.5
2012-10-02 05:38:00,60.6
2012-10-02 05:46:00,61.4
2012-10-02 05:55:00,61.4
2012-10-02 06:04:00,60.9
2012-10-02 06:21:00,59.8
2012-10-02 06:30:00,59.7
2012-10-02 06:39:00,59.6
2012-10-02 06:48:00,59.5
2012-10-02 06:56:00,59.2
2012-10-02 07:02:00,59.1
2012-10-02 07:17:00,58.9
2012-10-02 07:26:00,59.1
2012-10-02 07:35:00,59.4
2012-10-02 07:40:00,60
2012-10-02 07:45:00,60.6
2012-10-02 07:54:00,61.6
2012-10-02 07:59:00,62.5
2012-10-02 08:04:00,63.3
2012-10-02 08:14:00,65
2012-10-02 08:30:00,67.2
2012-10-02 08:35:00,67.7
2012-10-02 08:40:00,68.1
2012-10-02 08:45:00,68.5
2012-10-02 08:50:00,69
2012-10-02 08:56:00,69.4
2012-10-02 09:04:00,70.4
2012-10-02 09:18:00,71.8
2012-10-02 09:27:00,72.9
2012-10-02 09:36:00,73.9
2012-10-02 09:41:00,74.6
2012-10-02 09:50:00,76.8
2012-10-02 09:58:00,77.7
2012-10-02 10:07:00,78.7
2012-10-02 10:21:00,80.6
2012-10-02 10:26:00,81.3
2012-10-02 10:31:00,82
2012-10-02 10:37:00,82.8
2012-10-02 10:45:00,83.2
2012-10-02 10:50:00,83.5
2012-10-02 10:56:00,84
2012-10-02 11:04:00,85.5
2012-10-02 11:18:00,85.8
2012-10-02 11:23:00,86.9
2012-10-02 11:29:00,86.9
2012-10-02 11:37:00,88.3
2012-10-02 11:46:00,88
2012-10-02 11:55:00,87.1
2012-10-02 12:04:00,87.1
2012-10-02 12:23:00,88.2
2012-10-02 12:28:00,88.3
2012-10-02 12:37:00,88.7
2012-10-02 12:45:00,88.8
2012-10-02 12:50:00,89.2
2012-10-02 12:59:00,90.1
2012-10-02 13:22:00,92
2012-10-02 13:27:00,92.5
2012-10-02 13:32:00,92.8
2012-10-02 13:41:00,93
2012-10-02 13:46:00,93.4
2012-10-02 13:55:00,94
2012-10-02 14:04:00,94.8
2012-10-02 14:23:00,95.4
2012-10-02 14:31:00,95.7
2012-10-02 14:37:00,95.5
2012-10-02 14:45:00,94.8
2012-10-02 14:50:00,94.4
2012-10-02 14:56:00,93.4
2012-10-02 15:01:00,93.1
2012-10-02 15:16:00,93.1
2012-10-02 15:25:00,92.9
2012-10-02 15:30:00,93
2012-10-02 15:35:00,93
2012-10-02 15:40:00,93.3
2012-10-02 15:46:00,93.5
2012-10-02 15:54:00,94.2
2012-10-02 16:03:00,94.7
2012-10-02 16:26:00,95
2012-10-02 16:34:00,95
2012-10-02 16:40:00,95.1
2012-10-02 16:48:00,94.7
2012-10-02 16:57:00,94
2012-10-02 17:02:00,93.8
2012-10-02 17:21:00,92.2
2012-10-02 17:26:00,91.8
2012-10-02 17:32:00,91.2
2012-10-02 17:37:00,90.8
2012-10-02 17:42:00,90.2
2012-10-02 17:51:00,89.2
2012-10-02 18:00:00,88.6
2012-10-02 18:15:00,87.3
2012-10-02 18:20:00,86.8
2012-10-02 18:25:00,86.3
2012-10-02 18:34:00,85.6
2012-10-02 18:39:00,85.3
2012-10-02 18:48:00,84.4
2012-10-02 18:57:00,83.4
2012-10-02 19:05:00,82.5
2012-10-02 19:19:00,81.3
2012-10-02 19:25:00,81.1
2012-10-02 19:30:00,80.5
2012-10-02 19:35:00,80.3
2012-10-02 19:40:00,80.1
2012-10-02 19:49:00,79.4
2012-10-02 19:54:00,79.3
2012-10-02 19:59:00,79.3
2012-10-02 20:14:00,79.1
2012-10-02 20:20:00,79.1
2012-10-02 20:25:00,79
2012-10-02 20:30:00,78.9
2012-10-02 20:35:00,78.9
2012-10-02 20:40:00,78.9
2012-10-02 20:45:00,78.8
2012-10-02 20:51:00,78.7
2012-10-02 20:59:00,78.3
2012-10-02 21:26:00,77.8
2012-10-02 21:31:00,77.4
2012-10-02 21:39:00,76.8
2012-10-02 21:45:00,76.5
2012-10-02 21:50:00,76.2
2012-10-02 21:59:00,75.4
2012-10-02 22:04:00,74.8
2012-10-02 22:18:00,73.5
2012-10-02 22:26:00,72.7
2012-10-02 22:35:00,72.1
2012-10-02 22:40:00,71.7
2012-10-02 22:45:00,71.5
2012-10-02 22:51:00,71.6
2012-10-02 22:56:00,72
2012-10-02 23:04:00,71.8
2012-10-02 23:18:00,71.3
2012-10-02 23:27:00,71.1
2012-10-02 23:32:00,71.1
2012-10-02 23:37:00,71
2012-10-02 23:46:00,70.9
2012-10-02 23:51:00,71.3
2012-10-03 00:00:00,71.9
2012-10-03 00:23:00,71.4
2012-10-03 00:28:00,70.9
2012-10-03 00:37:00,70.4
2012-10-03 00:45:00,70.2
2012-10-03 00:54:00,70.3
2012-10-03 00:59:00,70.2
2012-10-03 01:15:00,69.7
2012-10-03 01:20:00,69.5
2012-10-03 01:29:00,69
2012-10-03 01:34:00,68.7
2012-10-03 01:39:00,68.6
2012-10-03 01:44:00,68.7
2012-10-03 01:49:00,68.6
2012-10-03 01:55:00,68.5
2012-10-03 02:00:00,68.4
2012-10-03 02:22:00,68.4
2012-10-03 02:27:00,68.5
2012-10-03 02:36:00,68.4
2012-10-03 02:41:00,69
2012-10-03 02:50:00,68.7
2012-10-03 02:59:00,68.4
2012-10-03 03:04:00,68.1
2012-10-03 03:18:00,66.7
2012-10-03 03:27:00,65.8
2012-10-03 03:32:00,65.4
2012-10-03 03:37:00,65.3
2012-10-03 03:42:00,65.3
2012-10-03 03:47:00,65
2012-10-03 03:56:00,64.9
2012-10-03 04:01:00,65.1
2012-10-03 04:15:00,65
2012-10-03 04:20:00,64.7
2012-10-03 04:25:00,64.4
2012-10-03 04:34:00,64.2
2012-10-03 04:39:00,64.5
2012-10-03 04:44:00,64.6
2012-10-03 04:50:00,64.4
2012-10-03 04:55:00,64.1
2012-10-03 05:00:00,63.7
2012-10-03 05:26:00,63.3
2012-10-03 05:31:00,63.1
2012-10-03 05:40:00,62.7
2012-10-03 05:49:00,62.2
2012-10-03 05:58:00,62
2012-10-03 06:06:00,61.6
2012-10-03 06:20:00,61.4
2012-10-03 06:29:00,61.5
2012-10-03 06:34:00,61.5
2012-10-03 06:43:00,61.2
2012-10-03 06:48:00,61.2
2012-10-03 06:57:00,61.3
2012-10-03 07:05:00,61.3
2012-10-03 07:19:00,61.1
2012-10-03 07:25:00,61
2012-10-03 07:30:00,60.9
2012-10-03 07:35:00,61.1
2012-10-03 07:44:00,61.5
2012-10-03 07:52:00,62.1
2012-10-03 07:58:00,62.8
2012-10-03 08:06:00,64.3
2012-10-03 08:20:00,66.2
2012-10-03 08:29:00,67.2
2012-10-03 08:34:00,67.8
2012-10-03 08:43:00,68.4
2012-10-03 08:52:00,69.3
2012-10-03 09:00:00,70
2012-10-03 09:23:00,72.1
2012-10-03 09:32:00,72.6
2012-10-03 09:37:00,73.3
2012-10-03 09:42:00,73.7
2012-10-03 09:51:00,74.2
2012-10-03 10:00:00,75
2012-10-03 10:15:00,77.9
2012-10-03 10:24:00,77.9
2012-10-03 10:29:00,78.9
2012-10-03 10:38:00,79.5
2012-10-03 10:43:00,79.9
2012-10-03 10:52:00,80.3
2012-10-03 11:00:00,80.4
2012-10-03 11:23:00,81.3
2012-10-03 11:28:00,81.6
2012-10-03 11:37:00,81.9
2012-10-03 11:46:00,82.4
2012-10-03 11:51:00,82.8
2012-10-03 11:56:00,83
2012-10-03 12:01:00,83.2
2012-10-03 12:17:00,83.7
2012-10-03 12:22:00,83.9
2012-10-03 12:27:00,84
2012-10-03 12:32:00,84.2
2012-10-03 12:37:00,84.3
2012-10-03 12:43:00,84.5
2012-10-03 12:48:00,84.7
2012-10-03 12:53:00,84.9
2012-10-03 12:58:00,85
2012-10-03 13:03:00,85
2012-10-03 13:19:00,85.4
2012-10-03 13:24:00,85.3
2012-10-03 13:29:00,85.3
2012-10-03 13:34:00,85.1
2012-10-03 13:39:00,84.8
2012-10-03 13:44:00,84.8
2012-10-03 13:50:00,85
2012-10-03 13:59:00,84.3
2012-10-03 14:04:00,84.1
2012-10-03 14:18:00,83.8
2012-10-03 14:23:00,83.4
2012-10-03 14:28:00,83.3
2012-10-03 14:33:00,83.2
2012-10-03 14:38:00,83.4
2012-10-03 14:43:00,83.6
2012-10-03 14:49:00,83.6
2012-10-03 14:54:00,83.4
2012-10-03 14:59:00,83.4
2012-10-03 15:04:00,83.4
2012-10-03 15:14:00,82.5
2012-10-03 15:19:00,82.5
2012-10-03 15:25:00,82.7
2012-10-03 15:30:00,82.7
2012-10-03 15:35:00,82.5
2012-10-03 15:40:00,82.3
2012-10-03 15:45:00,82.1
2012-10-03 15:51:00,81.6
2012-10-03 15:56:00,80.7
2012-10-03 16:01:00,80.3
2012-10-03 16:16:00,79.3
2012-10-03 16:21:00,78.9
2012-10-03 16:27:00,78.2
2012-10-03 16:32:00,77.8
2012-10-03 16:37:00,77.2
2012-10-03 16:42:00,76.8
2012-10-03 16:47:00,76.4
2012-10-03 16:52:00,76.3
2012-10-03 16:57:00,75.9
2012-10-03 17:03:00,75.2
2012-10-03 17:18:00,73.8
2012-10-03 17:23:00,73.3
2012-10-03 17:28:00,73.1
2012-10-03 17:34:00,72.8
2012-10-03 17:39:00,72.3
2012-10-03 17:44:00,71.8
2012-10-03 17:49:00,71.5
2012-10-03 17:54:00,71.3
2012-10-03 17:59:00,70.9
2012-10-03 18:15:00,69.7
2012-10-03 18:20:00,69.5
2012-10-03 18:25:00,69.2
2012-10-03 18:30:00,69
2012-10-03 18:35:00,68.8
2012-10-03 18:41:00,68.5
2012-10-03 18:46:00,68.3
2012-10-03 18:51:00,68.2
2012-10-03 18:56:00,68
2012-10-03 19:01:00,67.9
2012-10-03 19:17:00,67.3
2012-10-03 19:22:00,67.2
2012-10-03 19:27:00,67
2012-10-03 19:32:00,66.9
2012-10-03 19:37:00,66.8
2012-10-03 19:42:00,66.8
2012-10-03 19:48:00,66.5
2012-10-03 19:53:00,66.3
2012-10-03 19:58:00,66.2
2012-10-03 20:03:00,66.1
2012-10-03 20:19:00,65.5
2012-10-03 20:24:00,65.3
2012-10-03 20:29:00,65.1
2012-10-03 20:34:00,65
2012-10-03 20:39:00,64.8
2012-10-03 20:44:00,64.6
2012-10-03 20:49:00,64.4
2012-10-03 20:55:00,64.3
2012-10-03 21:00:00,64.1
2012-10-03 21:15:00,63.6
2012-10-03 21:20:00,63.4
2012-10-03 21:26:00,63.3
2012-10-03 21:31:00,63.2
2012-10-03 21:36:00,63.1
2012-10-03 21:41:00,62.9
2012-10-03 21:46:00,62.8
2012-10-03 21:51:00,62.7
2012-10-03 21:56:00,62.7
2012-10-03 22:02:00,62.5
2012-10-03 22:17:00,62.4
2012-10-03 22:22:00,62.3
2012-10-03 22:27:00,62.3
2012-10-03 22:33:00,62.3
2012-10-03 22:38:00,62.2
2012-10-03 22:43:00,62.1
2012-10-03 22:48:00,62.1
2012-10-03 22:53:00,62
2012-10-03 22:58:00,61.8
2012-10-03 23:03:00,61.6
2012-10-03 23:19:00,61.2
2012-10-03 23:24:00,61.2
2012-10-03 23:29:00,61.1
2012-10-03 23:34:00,61
2012-10-03 23:40:00,61
2012-10-03 23:45:00,60.8
2012-10-03 23:50:00,60.7
2012-10-03 23:55:00,60.5
2012-10-04 00:00:00,60.5
2012-10-04 00:16:00,60.1
2012-10-04 00:21:00,60
2012-10-04 00:26:00,60.1
2012-10-04 00:31:00,60.2
2012-10-04 00:36:00,60.2
2012-10-04 00:41:00,60.2
2012-10-04 00:47:00,60.2
2012-10-04 00:52:00,60.2
2012-10-04 00:57:00,60.1
2012-10-04 01:02:00,60
2012-10-04 01:17:00,59.6
2012-10-04 01:23:00,59.5
2012-10-04 01:28:00,59.5
2012-10-04 01:33:00,59.5
2012-10-04 01:38:00,59.5
2012-10-04 01:43:00,59.4
2012-10-04 01:48:00,59.5
2012-10-04 01:53:00,59.9
2012-10-04 01:59:00,60
2012-10-04 02:04:00,60.2
2012-10-04 02:19:00,60.4
2012-10-04 02:28:00,60.3
2012-10-04 02:33:00,60.2
2012-10-04 02:38:00,60
2012-10-04 02:43:00,59.9
2012-10-04 02:49:00,59.8
2012-10-04 02:54:00,59.6
2012-10-04 02:59:00,59.4
2012-10-04 03:04:00,59.3
2012-10-04 03:14:00,58.8
2012-10-04 03:19:00,58.7
2012-10-04 03:25:00,58.4
2012-10-04 03:30:00,58.3
2012-10-04 03:35:00,58.4
2012-10-04 03:40:00,58.5
2012-10-04 03:45:00,58.5
2012-10-04 03:50:00,58.7
2012-10-04 03:56:00,58.7
2012-10-04 04:01:00,58.7
2012-10-04 04:16:00,59.2
2012-10-04 04:21:00,59.2
2012-10-04 04:26:00,59.1
2012-10-04 04:32:00,59.1
2012-10-04 04:37:00,59
2012-10-04 04:42:00,58.9
2012-10-04 04:47:00,59
2012-10-04 04:52:00,59
2012-10-04 04:57:00,58.9
2012-10-04 05:03:00,58.8
2012-10-04 05:18:00,58.5
2012-10-04 05:23:00,58.4
2012-10-04 05:28:00,58.3
2012-10-04 05:33:00,58.4
2012-10-04 05:39:00,58.7
2012-10-04 05:44:00,58.7
2012-10-04 05:49:00,58.7
2012-10-04 05:54:00,58.5
2012-10-04 05:59:00,58.4
2012-10-04 06:15:00,58.3
2012-10-04 06:20:00,58.4
2012-10-04 06:25:00,58.6
2012-10-04 06:30:00,58.7
2012-10-04 06:35:00,58.8
2012-10-04 06:40:00,58.9
2012-10-04 06:46:00,58.9
2012-10-04 06:51:00,58.9
2012-10-04 06:56:00,58.8
2012-10-04 07:01:00,58.8
2012-10-04 07:17:00,59
2012-10-04 07:22:00,59
2012-10-04 07:27:00,59.1
2012-10-04 07:32:00,59.3
2012-10-04 07:37:00,59.5
2012-10-04 07:42:00,59.6
2012-10-04 07:47:00,59.8
2012-10-04 07:53:00,59.9
2012-10-04 07:58:00,60.1
2012-10-04 08:03:00,60.3
2012-10-04 08:18:00,60.7
2012-10-04 08:24:00,60.9
2012-10-04 08:29:00,61
2012-10-04 08:34:00,61.1
2012-10-04 08:39:00,61.2
2012-10-04 08:44:00,61.3
2012-10-04 08:49:00,61.3
2012-10-04 08:55:00,61.5
2012-10-04 09:00:00,61.5
2012-10-04 09:19:00,62.2
2012-10-04 09:24:00,62.5
2012-10-04 09:29:00,62.8
2012-10-04 09:34:00,63.1
2012-10-04 09:39:00,63.1
2012-10-04 09:45:00,63.1
2012-10-04 09:50:00,63.2
2012-10-04 09:55:00,63.2
2012-10-04 10:00:00,63.6
2012-10-04 10:16:00,65.7
2012-10-04 10:21:00,66.1
2012-10-04 10:26:00,66.8
2012-10-04 10:31:00,66.9
2012-10-04 10:36:00,67.1
2012-10-04 10:41:00,67.3
2012-10-04 10:46:00,67.7
2012-10-04 10:52:00,67.9
2012-10-04 10:57:00,68.1
2012-10-04 11:02:00,68.4
2012-10-04 11:17:00,68.6
2012-10-04 11:23:00,69.4
2012-10-04 11:28:00,69.7
2012-10-04 11:33:00,69.9
2012-10-04 11:38:00,70
2012-10-04 11:43:00,70.5
2012-10-04 11:48:00,70.8
2012-10-04 11:54:00,71
2012-10-04 11:59:00,71
2012-10-04 12:04:00,71
2012-10-04 12:14:00,72
2012-10-04 12:19:00,72.4
2012-10-04 12:25:00,72
2012-10-04 12:30:00,71.9
2012-10-04 12:35:00,72.1
2012-10-04 12:40:00,72.8
2012-10-04 12:45:00,73.4
2012-10-04 12:50:00,74.2
2012-10-04 12:55:00,74.2
2012-10-04 13:01:00,74.8
2012-10-04 13:20:00,74.1
2012-10-04 13:25:00,74.3
2012-10-04 13:30:00,74
2012-10-04 13:35:00,73.6
2012-10-04 13:40:00,73.5
2012-10-04 13:45:00,73.4
2012-10-04 13:51:00,73.1
2012-10-04 13:56:00,73
2012-10-04 14:01:00,72.7
2012-10-04 14:16:00,73.3
2012-10-04 14:21:00,73.5
2012-10-04 14:27:00,73.5
2012-10-04 14:32:00,73.6
2012-10-04 14:37:00,73.8
2012-10-04 14:42:00,74.1
2012-10-04 14:47:00,73.8
2012-10-04 14:52:00,74
2012-10-04 14:58:00,74.3
2012-10-04 15:03:00,74.4
2012-10-04 15:18:00,74.4
2012-10-04 15:23:00,73.7
2012-10-04 15:29:00,73.4
2012-10-04 15:34:00,73.3
2012-10-04 15:39:00,73.1
2012-10-04 15:44:00,72.7
2012-10-04 15:49:00,72.4
2012-10-04 15:54:00,72
2012-10-04 15:59:00,71.5
2012-10-04 16:19:00,71.1
2012-10-04 16:24:00,70.8
2012-10-04 16:29:00,70.6
2012-10-04 16:34:00,70.7
2012-10-04 16:39:00,70.5
2012-10-04 16:44:00,70.2
2012-10-04 16:49:00,69.7
2012-10-04 16:55:00,69.3
2012-10-04 17:00:00,68.9
2012-10-04 17:15:00,67.9
2012-10-04 17:20:00,68
2012-10-04 17:26:00,67.9
2012-10-04 17:31:00,67.5
2012-10-04 17:36:00,67.2
2012-10-04 17:41:00,67
2012-10-04 17:46:00,66.6
2012-10-04 17:51:00,66.1
2012-10-04 17:57:00,65.9
2012-10-04 18:02:00,65.7
2012-10-04 18:17:00,64.9
2012-10-04 18:22:00,64.7
2012-10-04 18:27:00,64.4
2012-10-04 18:33:00,64.2
2012-10-04 18:38:00,64.1
2012-10-04 18:43:00,63.9
2012-10-04 18:48:00,63.7
2012-10-04 18:53:00,63.6
2012-10-04 18:58:00,63.4
2012-10-04 19:04:00,63.3
2012-10-04 19:19:00,62.8
2012-10-04 19:24:00,62.7
2012-10-04 19:29:00,62.5
2012-10-04 19:35:00,62.4
2012-10-04 19:40:00,62.3
2012-10-04 19:45:00,62.2
2012-10-04 19:50:00,62.1
2012-10-04 19:55:00,61.9
2012-10-04 20:00:00,61.7
2012-10-04 20:16:00,61.5
2012-10-04 20:21:00,61.5
2012-10-04 20:26:00,61.4
2012-10-04 20:31:00,61.4
2012-10-04 20:36:00,61.2
2012-10-04 20:42:00,61
2012-10-04 20:47:00,61
2012-10-04 20:52:00,60.9
2012-10-04 20:57:00,60.7
2012-10-04 21:02:00,60.7
2012-10-04 21:18:00,60.5
2012-10-04 21:23:00,60.5
2012-10-04 21:28:00,60.5
2012-10-04 21:33:00,60.4
2012-10-04 21:38:00,60.2
2012-10-04 21:43:00,60.2
2012-10-04 21:49:00,60.1
2012-10-04 21:54:00,60.1
2012-10-04 21:59:00,60
2012-10-04 22:04:00,59.9
2012-10-04 22:14:00,59.9
2012-10-04 22:19:00,59.8
2012-10-04 22:25:00,59.7
2012-10-04 22:30:00,59.6
2012-10-04 22:35:00,59.6
2012-10-04 22:40:00,59.5
2012-10-04 22:45:00,59.5
2012-10-04 22:50:00,59.4
2012-10-04 22:56:00,59.4
2012-10-04 23:01:00,59.3
2012-10-04 23:15:00,59.3
2012-10-04 23:20:00,59.3
2012-10-04 23:25:00,59.3
2012-10-04 23:30:00,59.3
2012-10-04 23:35:00,59.3
2012-10-04 23:40:00,59.3
2012-10-04 23:46:00,59.2
2012-10-04 23:51:00,59.1
2012-10-04 23:56:00,59
2012-10-05 00:01:00,58.9
2012-10-05 00:16:00,58.4
2012-10-05 00:22:00,58.2
2012-10-05 00:27:00,58.1
2012-10-05 00:32:00,58.1
2012-10-05 00:37:00,58.1
2012-10-05 00:42:00,58.1
2012-10-05 00:47:00,58.1
2012-10-05 00:53:00,58.1
2012-10-05 00:58:00,58.1
2012-10-05 01:03:00,58.1
2012-10-05 01:18:00,58.3
2012-10-05 01:24:00,58.4
2012-10-05 01:29:00,58.5
2012-10-05 01:34:00,58.7
2012-10-05 01:39:00,58.7
2012-10-05 01:44:00,58.8
2012-10-05 01:49:00,58.9
2012-10-05 01:55:00,59
2012-10-05 02:00:00,59.1
2012-10-05 02:15:00,59.2
2012-10-05 02:20:00,59.3
2012-10-05 02:25:00,59.2
2012-10-05 02:31:00,59.2
2012-10-05 02:36:00,59.1
2012-10-05 02:41:00,59.1
2012-10-05 02:46:00,59
2012-10-05 02:51:00,59
2012-10-05 02:56:00,59
2012-10-05 03:02:00,58.9
2012-10-05 03:16:00,58.9
2012-10-05 03:21:00,58.9
2012-10-05 03:26:00,58.9
2012-10-05 03:31:00,59
2012-10-05 03:36:00,59
2012-10-05 03:45:00,59.1
2012-10-05 03:50:00,59.1
2012-10-05 03:55:00,59.1
2012-10-05 04:01:00,59.1
2012-10-05 04:16:00,59.2
2012-10-05 04:21:00,59.2
2012-10-05 04:26:00,59.3
2012-10-05 04:31:00,59.3
2012-10-05 04:37:00,59.3
2012-10-05 04:42:00,59.3
2012-10-05 04:47:00,59.3
2012-10-05 04:52:00,59.3
2012-10-05 04:57:00,59.3
2012-10-05 05:02:00,59.3
2012-10-05 05:18:00,59.3
2012-10-05 05:23:00,59.3
2012-10-05 05:28:00,59.4
2012-10-05 05:33:00,59.3
2012-10-05 05:38:00,59.4
2012-10-05 05:44:00,59.4
2012-10-05 05:49:00,59.4
2012-10-05 05:54:00,59.5
2012-10-05 05:59:00,59.5
2012-10-05 06:14:00,59.5
2012-10-05 06:20:00,59.5
2012-10-05 06:25:00,59.5
2012-10-05 06:30:00,59.4
2012-10-05 06:35:00,59.4
2012-10-05 06:40:00,59.4
2012-10-05 06:45:00,59.5
2012-10-05 06:54:00,59.5
2012-10-05 06:59:00,59.5
2012-10-05 07:15:00,59.7
2012-10-05 07:20:00,59.7
2012-10-05 07:25:00,59.7
2012-10-05 07:30:00,59.7
2012-10-05 07:35:00,59.7
2012-10-05 07:41:00,59.7
2012-10-05 07:46:00,59.7
2012-10-05 07:51:00,59.7
2012-10-05 07:56:00,59.8
2012-10-05 08:01:00,59.8
2012-10-05 08:17:00,60
2012-10-05 08:22:00,60
2012-10-05 08:27:00,60
2012-10-05 08:32:00,60
2012-10-05 08:37:00,60.1
2012-10-05 08:42:00,60.2
2012-10-05 08:48:00,60.5
2012-10-05 08:53:00,60.8
2012-10-05 08:58:00,61.1
2012-10-05 09:03:00,61.6
2012-10-05 09:19:00,62.5
2012-10-05 09:24:00,62.5
2012-10-05 09:29:00,62.4
2012-10-05 09:34:00,62.4
2012-10-05 09:43:00,62.8
2012-10-05 09:48:00,63
2012-10-05 09:53:00,63.5
2012-10-05 09:58:00,63.8
2012-10-05 10:03:00,63.6
2012-10-05 10:19:00,65
2012-10-05 10:24:00,65.2
2012-10-05 10:29:00,65.9
2012-10-05 10:38:00,67
2012-10-05 10:43:00,67.1
2012-10-05 10:48:00,67
2012-10-05 10:53:00,67
2012-10-05 10:59:00,67.8
2012-10-05 11:04:00,68.1
2012-10-05 11:19:00,68.5
2012-10-05 11:24:00,68.8
2012-10-05 11:29:00,69.1
2012-10-05 11:35:00,69.4
2012-10-05 11:40:00,69.8
2012-10-05 11:45:00,70.1
2012-10-05 11:50:00,70.2
2012-10-05 11:55:00,70.5
2012-10-05 12:00:00,70.8
2012-10-05 12:16:00,71.2
2012-10-05 12:21:00,71.2
2012-10-05 12:26:00,71.2
2012-10-05 12:31:00,71.4
2012-10-05 12:36:00,71.4
2012-10-05 12:42:00,71.5
2012-10-05 12:47:00,72.2
2012-10-05 12:52:00,72.6
2012-10-05 12:57:00,72.7
2012-10-05 13:02:00,72.2
2012-10-05 13:18:00,71.6
2012-10-05 13:23:00,71.6
2012-10-05 13:28:00,71.8
2012-10-05 13:33:00,71.4
2012-10-05 13:38:00,71.2
2012-10-05 13:43:00,71.2
2012-10-05 13:49:00,71.1
2012-10-05 13:54:00,71.1
2012-10-05 13:59:00,71.3
2012-10-05 14:04:00,71.2
2012-10-05 14:18:00,71.1
2012-10-05 14:23:00,71.3
2012-10-05 14:28:00,71.8
2012-10-05 14:34:00,71.8
2012-10-05 14:42:00,71.3
2012-10-05 14:47:00,71
2012-10-05 14:53:00,70.7
2012-10-05 14:58:00,70.4
2012-10-05 15:03:00,70.3
2012-10-05 15:18:00,70.4
2012-10-05 15:23:00,70.3
2012-10-05 15:29:00,70.4
2012-10-05 15:34:00,70.3
2012-10-05 15:39:00,70.4
2012-10-05 15:44:00,70.5
2012-10-05 15:49:00,70.7
2012-10-05 15:54:00,71.1
2012-10-05 16:00:00,71.3
2012-10-05 16:15:00,71.5
2012-10-05 16:20:00,71.5
2012-10-05 16:25:00,71.7
2012-10-05 16:31:00,71.6
2012-10-05 16:36:00,71.3
2012-10-05 16:41:00,70.8
2012-10-05 16:46:00,70.6
2012-10-05 16:51:00,70.5
2012-10-05 16:56:00,70.5
2012-10-05 17:01:00,70.5
2012-10-05 17:17:00,69.9
2012-10-05 17:22:00,69.8
2012-10-05 17:27:00,69.8
2012-10-05 17:32:00,69.7
2012-10-05 17:38:00,69.6
2012-10-05 17:43:00,69.6
2012-10-05 17:48:00,69.5
2012-10-05 17:53:00,68.8
2012-10-05 17:58:00,68.4
2012-10-05 18:03:00,68.3
2012-10-05 18:19:00,67.3
2012-10-05 18:24:00,66.9
2012-10-05 18:29:00,66.6
2012-10-05 18:34:00,66.3
2012-10-05 18:39:00,66.2
2012-10-05 18:45:00,66.1
2012-10-05 18:50:00,66
2012-10-05 18:55:00,65.9
2012-10-05 19:00:00,65.8
2012-10-05 19:15:00,65.6
2012-10-05 19:21:00,65.7
2012-10-05 19:26:00,65.8
2012-10-05 19:31:00,65.9
2012-10-05 19:36:00,65.9
2012-10-05 19:41:00,65.9
2012-10-05 19:46:00,65.9
2012-10-05 19:52:00,65.7
2012-10-05 19:57:00,65.5
2012-10-05 20:02:00,65.3
2012-10-05 20:17:00,64.4
2012-10-05 20:22:00,64.2
2012-10-05 20:28:00,64
2012-10-05 20:33:00,63.8
2012-10-05 20:38:00,63.5
2012-10-05 20:47:00,63.2
2012-10-05 20:52:00,63
2012-10-05 20:57:00,62.9
2012-10-05 21:02:00,62.7
2012-10-05 21:18:00,62.4
2012-10-05 21:23:00,62.4
2012-10-05 21:28:00,62.2
2012-10-05 21:33:00,62
2012-10-05 21:38:00,61.9
2012-10-05 21:43:00,61.7
2012-10-05 21:49:00,61.5
2012-10-05 21:54:00,61.3
2012-10-05 21:59:00,61.1
2012-10-05 22:04:00,60.8
2012-10-05 22:14:00,60.6
2012-10-05 22:19:00,60.5
2012-10-05 22:25:00,60.4
2012-10-05 22:30:00,60.4
2012-10-05 22:35:00,60.2
2012-10-05 22:40:00,60.1
2012-10-05 22:45:00,60.1
2012-10-05 22:50:00,60
2012-10-05 22:56:00,60
2012-10-05 23:01:00,60
2012-10-05 23:16:00,60.1
2012-10-05 23:21:00,60
2012-10-05 23:27:00,59.8
2012-10-05 23:32:00,59.7
2012-10-05 23:37:00,59.8
2012-10-05 23:42:00,59.7
2012-10-05 23:47:00,59.6
2012-10-05 23:52:00,59.5
2012-10-05 23:57:00,59.3
2012-10-06 00:03:00,59.1
2012-10-06 00:18:00,58.8
2012-10-06 00:23:00,58.7
2012-10-06 00:28:00,58.6
2012-10-06 00:34:00,58.4
2012-10-06 00:39:00,58.3
2012-10-06 00:44:00,58.2
2012-10-06 00:49:00,58.1
2012-10-06 00:54:00,58
2012-10-06 00:59:00,58
2012-10-06 01:15:00,57.9
2012-10-06 01:20:00,57.9
2012-10-06 01:25:00,57.8
2012-10-06 01:30:00,57.8
2012-10-06 01:35:00,57.6
2012-10-06 01:41:00,57.4
2012-10-06 01:46:00,57.3
2012-10-06 01:51:00,57.4
2012-10-06 01:56:00,57.4
2012-10-06 02:01:00,57.5
2012-10-06 02:17:00,57.5
2012-10-06 02:22:00,57.5
2012-10-06 02:27:00,57.5
2012-10-06 02:32:00,57.4
2012-10-06 02:37:00,57.4
2012-10-06 02:42:00,57.3
2012-10-06 02:48:00,57.1
2012-10-06 02:53:00,56.9
2012-10-06 02:58:00,56.7
2012-10-06 03:03:00,56.6
2012-10-06 03:18:00,56.4
2012-10-06 03:24:00,56.4
2012-10-06 03:29:00,56.4
2012-10-06 03:34:00,56.5
2012-10-06 03:39:00,56.5
2012-10-06 03:44:00,56.5
2012-10-06 03:49:00,56.4
2012-10-06 03:55:00,56.3
2012-10-06 04:00:00,56.3
2012-10-06 04:15:00,56.3
2012-10-06 04:20:00,56.1
2012-10-06 04:25:00,56
2012-10-06 04:31:00,55.9
2012-10-06 04:36:00,55.8
2012-10-06 04:41:00,55.6
2012-10-06 04:46:00,55.7
2012-10-06 04:51:00,55.6
2012-10-06 04:56:00,55.6
2012-10-06 05:02:00,55.7
2012-10-06 05:17:00,56
2012-10-06 05:22:00,56
2012-10-06 05:27:00,55.9
2012-10-06 05:33:00,55.8
2012-10-06 05:38:00,55.7
2012-10-06 05:43:00,55.6
2012-10-06 05:48:00,55.4
2012-10-06 05:53:00,55.2
2012-10-06 05:58:00,55.2
2012-10-06 06:03:00,55.1
2012-10-06 06:19:00,54.7
2012-10-06 06:24:00,54.7
2012-10-06 06:29:00,54.9
2012-10-06 06:34:00,54.9
2012-10-06 06:39:00,54.8
2012-10-06 06:45:00,54.7
2012-10-06 06:50:00,54.6
2012-10-06 06:55:00,54.5
2012-10-06 07:00:00,54.5
2012-10-06 07:16:00,54.6
2012-10-06 07:21:00,54.5
2012-10-06 07:26:00,54.5
2012-10-06 07:31:00,54.6
2012-10-06 07:36:00,54.7
2012-10-06 07:41:00,54.9
2012-10-06 07:50:00,55.3
2012-10-06 07:55:00,55.6
2012-10-06 08:00:00,55.9
2012-10-06 08:16:00,56.6
2012-10-06 08:21:00,56.8
2012-10-06 08:26:00,57.3
2012-10-06 08:31:00,58
2012-10-06 08:37:00,58.8
2012-10-06 08:42:00,59.3
2012-10-06 08:47:00,59.5
2012-10-06 08:52:00,59.8
2012-10-06 08:57:00,60.4
2012-10-06 09:02:00,61.2
2012-10-06 09:18:00,63.2
2012-10-06 09:23:00,63.2
2012-10-06 09:28:00,63.1
2012-10-06 09:33:00,63.1
2012-10-06 09:38:00,63.4
2012-10-06 09:44:00,63.9
2012-10-06 09:49:00,64.1
2012-10-06 09:57:00,64.2
2012-10-06 10:03:00,64.3
2012-10-06 10:18:00,65.7
2012-10-06 10:23:00,65.8
2012-10-06 10:28:00,65.6
2012-10-06 10:34:00,65.4
2012-10-06 10:39:00,65.2
2012-10-06 10:44:00,65.2
2012-10-06 10:49:00,65.4
2012-10-06 10:54:00,65.5
2012-10-06 10:59:00,65.6
2012-10-06 11:15:00,65.8
2012-10-06 11:20:00,65.7
2012-10-06 11:25:00,65.7
2012-10-06 11:30:00,66
2012-10-06 11:35:00,66.2
2012-10-06 11:41:00,66.4
2012-10-06 11:46:00,67
2012-10-06 11:51:00,67.4
2012-10-06 11:56:00,67.3
2012-10-06 12:01:00,67.3
2012-10-06 12:17:00,67.8
2012-10-06 12:22:00,68
2012-10-06 12:27:00,68
2012-10-06 12:32:00,68.2
2012-10-06 12:37:00,68.4
2012-10-06 12:42:00,68.2
2012-10-06 12:48:00,68.2
2012-10-06 12:53:00,68.4
2012-10-06 12:58:00,68.3
2012-10-06 13:03:00,68.5
2012-10-06 13:18:00,68.9
2012-10-06 13:24:00,68.6
2012-10-06 13:29:00,68.5
2012-10-06 13:34:00,68.3
2012-10-06 13:39:00,68.1
2012-10-06 13:44:00,68.2
2012-10-06 13:49:00,68.3
2012-10-06 13:55:00,68.9
2012-10-06 14:00:00,69.2
2012-10-06 14:15:00,70.1
2012-10-06 14:20:00,70
2012-10-06 14:26:00,70.2
2012-10-06 14:31:00,70.5
2012-10-06 14:36:00,70.4
2012-10-06 14:41:00,70.6
2012-10-06 14:46:00,70.7
2012-10-06 14:51:00,70.9
2012-10-06 14:56:00,71.1
2012-10-06 15:02:00,71.2
2012-10-06 15:17:00,70.5
2012-10-06 15:22:00,70.4
2012-10-06 15:27:00,70.6
2012-10-06 15:33:00,70.9
2012-10-06 15:38:00,70.9
2012-10-06 15:43:00,70.8
2012-10-06 15:48:00,71
2012-10-06 15:53:00,70.8
2012-10-06 15:58:00,70.5
2012-10-06 16:03:00,70.8
2012-10-06 16:17:00,70.7
2012-10-06 16:23:00,70.6
2012-10-06 16:28:00,70.5
2012-10-06 16:33:00,70.5
2012-10-06 16:38:00,70.6
2012-10-06 16:43:00,70.4
2012-10-06 16:48:00,70.2
2012-10-06 16:53:00,69.9
2012-10-06 16:59:00,69.8
2012-10-06 17:04:00,69.8
2012-10-06 17:19:00,69.6
2012-10-06 17:24:00,69.5
2012-10-06 17:30:00,69.4
2012-10-06 17:35:00,69.3
2012-10-06 17:40:00,69.2
2012-10-06 17:45:00,69.1
2012-10-06 17:50:00,69.1
2012-10-06 17:55:00,68.9
2012-10-06 18:01:00,68.7
2012-10-06 18:16:00,68.1
2012-10-06 18:21:00,67.9
2012-10-06 18:26:00,67.7
2012-10-06 18:31:00,67.4
2012-10-06 18:37:00,67.3
2012-10-06 18:42:00,67.1
2012-10-06 18:47:00,66.9
2012-10-06 18:52:00,66.7
2012-10-06 18:57:00,66.4
2012-10-06 19:02:00,66.3
2012-10-06 19:18:00,65.6
2012-10-06 19:23:00,65.4
2012-10-06 19:28:00,65.3
2012-10-06 19:33:00,65.1
2012-10-06 19:38:00,64.9
2012-10-06 19:44:00,64.6
2012-10-06 19:52:00,64.2
2012-10-06 19:57:00,63.9
2012-10-06 20:03:00,63.6
2012-10-06 20:18:00,62.9
2012-10-06 20:23:00,62.6
2012-10-06 20:28:00,62.4
2012-10-06 20:34:00,62.1
2012-10-06 20:39:00,61.9
2012-10-06 20:44:00,61.7
2012-10-06 20:49:00,61.5
2012-10-06 20:54:00,61.4
2012-10-06 20:59:00,61.2
2012-10-06 21:15:00,60.6
2012-10-06 21:20:00,60.4
2012-10-06 21:25:00,60.4
2012-10-06 21:30:00,60.4
2012-10-06 21:35:00,60.3
2012-10-06 21:41:00,60.1
2012-10-06 21:46:00,60
2012-10-06 21:51:00,59.9
2012-10-06 21:56:00,59.8
2012-10-06 22:01:00,59.8
2012-10-06 22:17:00,59.7
2012-10-06 22:22:00,59.5
2012-10-06 22:27:00,59.4
2012-10-06 22:32:00,59.4
2012-10-06 22:37:00,59.4
2012-10-06 22:42:00,59.4
2012-10-06 22:48:00,59.3
2012-10-06 22:53:00,59.4
2012-10-06 22:58:00,59.3
2012-10-06 23:03:00,59.3
2012-10-06 23:19:00,59.1
2012-10-06 23:24:00,59
2012-10-06 23:29:00,59
2012-10-06 23:34:00,58.8
2012-10-06 23:39:00,58.4
2012-10-06 23:44:00,58.1
2012-10-06 23:49:00,57.7
2012-10-06 23:55:00,57.4
2012-10-07 00:00:00,57.1
2012-10-07 00:15:00,56.6
2012-10-07 00:20:00,56.4
2012-10-07 00:26:00,56.3
2012-10-07 00:31:00,56.2
2012-10-07 00:36:00,56.1
2012-10-07 00:41:00,56
2012-10-07 00:46:00,55.8
2012-10-07 00:51:00,55.7
2012-10-07 00:56:00,55.6
2012-10-07 01:02:00,55.5
2012-10-07 01:17:00,55
2012-10-07 01:22:00,54.8
2012-10-07 01:27:00,54.7
2012-10-07 01:33:00,54.5
2012-10-07 01:38:00,54.5
2012-10-07 01:43:00,54.4
2012-10-07 01:48:00,54.2
2012-10-07 01:53:00,54
2012-10-07 01:58:00,53.8
2012-10-07 02:04:00,53.6
2012-10-07 02:19:00,53.5
2012-10-07 02:24:00,53.4
2012-10-07 02:29:00,53.2
2012-10-07 02:34:00,53.1
2012-10-07 02:40:00,53
2012-10-07 02:45:00,53
2012-10-07 02:50:00,52.9
2012-10-07 02:55:00,52.8
2012-10-07 03:00:00,52.7
2012-10-07 03:16:00,52.8
2012-10-07 03:21:00,52.7
2012-10-07 03:26:00,52.5
2012-10-07 03:31:00,52.4
2012-10-07 03:36:00,52.3
2012-10-07 03:41:00,52.1
2012-10-07 03:47:00,51.9
2012-10-07 03:52:00,51.8
2012-10-07 03:57:00,51.8
2012-10-07 04:02:00,51.8
2012-10-07 04:17:00,51.7
2012-10-07 04:23:00,51.6
2012-10-07 04:28:00,51.4
2012-10-07 04:33:00,51.3
2012-10-07 04:38:00,51.2
2012-10-07 04:43:00,51.1
2012-10-07 04:48:00,51.1
2012-10-07 04:54:00,51.1
2012-10-07 04:59:00,51.1
2012-10-07 05:04:00,51.2
2012-10-07 05:14:00,51.2
2012-10-07 05:19:00,51.2
2012-10-07 05:24:00,51.2
2012-10-07 05:30:00,51.3
2012-10-07 05:35:00,51.2
2012-10-07 05:40:00,51.3
2012-10-07 05:45:00,51.3
2012-10-07 05:50:00,51.3
2012-10-07 05:55:00,51.4
2012-10-07 06:01:00,51.4
2012-10-07 06:16:00,51.6
2012-10-07 06:21:00,51.4
2012-10-07 06:26:00,51.2
2012-10-07 06:32:00,51.1
2012-10-07 06:37:00,51.1
2012-10-07 06:42:00,51
2012-10-07 06:47:00,51
2012-10-07 06:52:00,51.1
2012-10-07 06:57:00,51.2
2012-10-07 07:02:00,51.1
2012-10-07 07:18:00,50.4
2012-10-07 07:23:00,50.3
2012-10-07 07:28:00,50.3
2012-10-07 07:33:00,50.6
2012-10-07 07:39:00,50.8
2012-10-07 07:44:00,50.9
2012-10-07 07:49:00,51.3
2012-10-07 07:54:00,51.7
2012-10-07 07:59:00,52.2
2012-10-07 08:15:00,54
2012-10-07 08:20:00,54.9
2012-10-07 08:25:00,55.9
2012-10-07 08:30:00,56.8
2012-10-07 08:35:00,57.7
2012-10-07 08:40:00,58.8
2012-10-07 08:46:00,59.6
2012-10-07 08:51:00,60.3
2012-10-07 08:56:00,60.6
2012-10-07 09:01:00,61.2
2012-10-07 09:17:00,61.8
2012-10-07 09:22:00,61.7
2012-10-07 09:27:00,61.5
2012-10-07 09:32:00,61.6
2012-10-07 09:37:00,61.8
2012-10-07 09:42:00,62.4
2012-10-07 09:48:00,62.7
2012-10-07 09:53:00,63.2
2012-10-07 09:58:00,63.8
2012-10-07 10:03:00,63.9
2012-10-07 10:19:00,65.9
2012-10-07 10:24:00,66.1
2012-10-07 10:32:00,65.9
2012-10-07 10:38:00,65.8
2012-10-07 10:43:00,66
2012-10-07 10:48:00,66.2
2012-10-07 10:53:00,66.1
2012-10-07 10:58:00,66
2012-10-07 11:03:00,66.3
2012-10-07 11:19:00,67.1
2012-10-07 11:24:00,68
2012-10-07 11:29:00,68.1
2012-10-07 11:34:00,67.7
2012-10-07 11:39:00,67.8
2012-10-07 11:45:00,68.3
2012-10-07 11:50:00,68.5
2012-10-07 11:55:00,68.9
2012-10-07 12:00:00,69.2
2012-10-07 12:16:00,70.1
2012-10-07 12:21:00,70.4
2012-10-07 12:26:00,70.5
2012-10-07 12:31:00,70.4
2012-10-07 12:36:00,70.2
2012-10-07 12:41:00,70.3
2012-10-07 12:47:00,70.4
2012-10-07 12:52:00,70.3
2012-10-07 12:57:00,70
2012-10-07 13:02:00,70.4
2012-10-07 13:17:00,70.9
2012-10-07 13:23:00,71.1
2012-10-07 13:28:00,70.8
2012-10-07 13:33:00,71
2012-10-07 13:38:00,71.2
2012-10-07 13:43:00,71.2
2012-10-07 13:48:00,70.9
2012-10-07 13:54:00,71
2012-10-07 13:59:00,70.8
2012-10-07 14:04:00,70.7
2012-10-07 14:14:00,70.9
2012-10-07 14:19:00,70.7
2012-10-07 14:25:00,71
2012-10-07 14:30:00,71.1
2012-10-07 14:35:00,70.5
2012-10-07 14:40:00,70.3
2012-10-07 14:45:00,70.6
2012-10-07 14:50:00,71.2
2012-10-07 14:56:00,71.5
2012-10-07 15:01:00,71.9
2012-10-07 15:16:00,71.5
2012-10-07 15:21:00,70.9
2012-10-07 15:27:00,70.9
2012-10-07 15:32:00,70.8
2012-10-07 15:37:00,70.6
2012-10-07 15:42:00,70.9
2012-10-07 15:47:00,70.7
2012-10-07 15:52:00,70.8
2012-10-07 15:57:00,71.2
2012-10-07 16:03:00,71.3
2012-10-07 16:18:00,71.1
2012-10-07 16:23:00,71.2
2012-10-07 16:28:00,70.8
2012-10-07 16:34:00,70.5
2012-10-07 16:39:00,70
2012-10-07 16:44:00,69.6
2012-10-07 16:49:00,69.6
2012-10-07 16:54:00,69.4
2012-10-07 16:59:00,69.4
2012-10-07 17:15:00,68.2
2012-10-07 17:26:00,68
2012-10-07 17:31:00,67.3
2012-10-07 17:36:00,67
2012-10-07 17:41:00,66.8
2012-10-07 17:46:00,66.4
2012-10-07 17:51:00,66
2012-10-07 17:57:00,65.7
2012-10-07 18:02:00,65.4
2012-10-07 18:17:00,65.2
2012-10-07 18:22:00,65.1
2012-10-07 18:28:00,65
2012-10-07 18:33:00,65
2012-10-07 18:38:00,64.7
2012-10-07 18:43:00,64.6
2012-10-07 18:48:00,64.4
2012-10-07 18:53:00,64.2
2012-10-07 18:58:00,64
2012-10-07 19:04:00,63.8
2012-10-07 19:19:00,63.5
2012-10-07 19:24:00,63.4
2012-10-07 19:29:00,63.3
2012-10-07 19:35:00,63.1
2012-10-07 19:40:00,63.1
2012-10-07 19:45:00,63
2012-10-07 19:50:00,62.8
2012-10-07 19:55:00,62.7
2012-10-07 20:00:00,62.4
2012-10-07 20:16:00,61.9
2012-10-07 20:21:00,61.8
2012-10-07 20:26:00,61.7
2012-10-07 20:31:00,61.5
2012-10-07 20:37:00,61.4
2012-10-07 20:42:00,61.2
2012-10-07 20:47:00,61
2012-10-07 20:52:00,60.8
2012-10-07 20:57:00,60.6
2012-10-07 21:03:00,60.4
2012-10-07 21:18:00,60.2
2012-10-07 21:23:00,60.2
2012-10-07 21:28:00,60.1
2012-10-07 21:33:00,60
2012-10-07 21:39:00,59.9
2012-10-07 21:44:00,59.7
2012-10-07 21:49:00,59.6
2012-10-07 21:54:00,59.5
2012-10-07 21:59:00,59.4
2012-10-07 22:15:00,59
2012-10-07 22:20:00,58.9
2012-10-07 22:25:00,58.7
2012-10-07 22:30:00,58.6
2012-10-07 22:35:00,58.5
2012-10-07 22:40:00,58.4
2012-10-07 22:46:00,58.3
2012-10-07 22:51:00,58.2
2012-10-07 22:56:00,58.1
2012-10-07 23:01:00,57.8
2012-10-07 23:15:00,57
2012-10-07 23:20:00,56.9
2012-10-07 23:25:00,56.7
2012-10-07 23:30:00,56.4
2012-10-07 23:36:00,56.3
2012-10-07 23:41:00,56.2
2012-10-07 23:46:00,56.1
2012-10-07 23:51:00,56
2012-10-07 23:56:00,56
2012-10-08 00:01:00,55.9
2012-10-08 00:17:00,55.3
2012-10-08 00:22:00,55.1
2012-10-08 00:27:00,54.8
2012-10-08 00:32:00,54.6
2012-10-08 00:38:00,54.5
2012-10-08 00:43:00,54.3
2012-10-08 00:48:00,54.4
2012-10-08 00:57:00,54.5
2012-10-08 01:02:00,54.4
2012-10-08 01:17:00,54.3
2012-10-08 01:22:00,54.3
2012-10-08 01:27:00,54.2
2012-10-08 01:33:00,54.1
2012-10-08 01:38:00,54
2012-10-08 01:43:00,53.9
2012-10-08 01:48:00,53.7
2012-10-08 01:53:00,53.5
2012-10-08 01:58:00,53.5
2012-10-08 02:04:00,53.4
2012-10-08 02:19:00,53.3
2012-10-08 02:24:00,53.3
2012-10-08 02:29:00,53.3
2012-10-08 02:34:00,53.3
2012-10-08 02:40:00,53.2
2012-10-08 02:45:00,53.2
2012-10-08 02:50:00,53.1
2012-10-08 02:55:00,53.1
2012-10-08 03:00:00,53
2012-10-08 03:16:00,52.7
2012-10-08 03:21:00,52.6
2012-10-08 03:26:00,52.6
2012-10-08 03:31:00,52.5
2012-10-08 03:36:00,52.4
2012-10-08 03:41:00,52.4
2012-10-08 03:47:00,52.3
2012-10-08 03:52:00,52.1
2012-10-08 03:57:00,52
2012-10-08 04:02:00,51.9
2012-10-08 04:21:00,51.8
2012-10-08 04:26:00,51.8
2012-10-08 04:31:00,51.7
2012-10-08 04:37:00,51.7
2012-10-08 04:42:00,51.7
2012-10-08 04:47:00,51.6
2012-10-08 04:52:00,51.7
2012-10-08 04:57:00,51.6
2012-10-08 05:02:00,51.4
2012-10-08 05:18:00,51.2
2012-10-08 05:23:00,51.1
2012-10-08 05:28:00,51.1
2012-10-08 05:33:00,51
2012-10-08 05:38:00,50.9
2012-10-08 05:44:00,50.7
2012-10-08 05:49:00,50.6
2012-10-08 05:54:00,50.4
2012-10-08 05:59:00,50.5
2012-10-08 06:14:00,50.6
2012-10-08 06:20:00,50.5
2012-10-08 06:25:00,50.6
2012-10-08 06:30:00,50.6
2012-10-08 06:35:00,50.4
2012-10-08 06:40:00,50.4
2012-10-08 06:45:00,50.4
2012-10-08 06:51:00,50.5
2012-10-08 06:56:00,50.7
2012-10-08 07:01:00,50.8
2012-10-08 07:16:00,50.9
2012-10-08 07:21:00,50.9
2012-10-08 07:27:00,50.9
2012-10-08 07:32:00,51
2012-10-08 07:37:00,51.3
2012-10-08 07:42:00,51.7
2012-10-08 07:47:00,52.1
2012-10-08 07:52:00,52.7
2012-10-08 07:58:00,53.3
2012-10-08 08:03:00,54
2012-10-08 08:18:00,56.2
2012-10-08 08:23:00,57
2012-10-08 08:28:00,57.7
2012-10-08 08:34:00,58.3
2012-10-08 08:42:00,59.4
2012-10-08 08:48:00,59.7
2012-10-08 08:53:00,60.3
2012-10-08 08:58:00,60.8
2012-10-08 09:03:00,61.2
2012-10-08 09:18:00,62.2
2012-10-08 09:24:00,62.4
2012-10-08 09:29:00,62.6
2012-10-08 09:34:00,63.2
2012-10-08 09:39:00,63.2
2012-10-08 09:44:00,63.2
2012-10-08 09:49:00,63.9
2012-10-08 09:54:00,65.1
2012-10-08 10:00:00,65.3
2012-10-08 10:15:00,65.8
2012-10-08 10:20:00,66.1
2012-10-08 10:25:00,66.4
2012-10-08 10:31:00,66.3
2012-10-08 10:36:00,65.9
2012-10-08 10:41:00,66
2012-10-08 10:46:00,66.5
2012-10-08 10:51:00,67.7
2012-10-08 10:56:00,68.1
2012-10-08 11:01:00,67.4
2012-10-08 11:17:00,67.8
2012-10-08 11:22:00,67.5
2012-10-08 11:27:00,67.2
2012-10-08 11:32:00,67.2
2012-10-08 11:38:00,67.2
2012-10-08 11:43:00,67.7
2012-10-08 11:48:00,67.9
2012-10-08 11:53:00,67.8
2012-10-08 11:58:00,67.9
2012-10-08 12:03:00,68.3
2012-10-08 12:19:00,68.7
2012-10-08 12:24:00,68.4
2012-10-08 12:33:00,68.7
2012-10-08 12:38:00,69.4
2012-10-08 12:43:00,69.4
2012-10-08 12:48:00,69.9
2012-10-08 12:53:00,70.1
2012-10-08 12:58:00,70.2
2012-10-08 13:03:00,70.2
2012-10-08 13:19:00,71
2012-10-08 13:24:00,70.6
2012-10-08 13:29:00,70.4
2012-10-08 13:34:00,70.3
2012-10-08 13:40:00,70.4
2012-10-08 13:45:00,70.1
2012-10-08 13:50:00,70.1
2012-10-08 13:55:00,70
2012-10-08 14:00:00,69.9
2012-10-08 14:16:00,70
2012-10-08 14:21:00,69.9
2012-10-08 14:30:00,70
2012-10-08 14:35:00,69.9
2012-10-08 14:40:00,70.1
2012-10-08 14:45:00,70.1
2012-10-08 14:50:00,70
2012-10-08 14:55:00,69.9
2012-10-08 15:01:00,69.9
2012-10-08 15:16:00,69.8
2012-10-08 15:21:00,69.8
2012-10-08 15:26:00,69.5
2012-10-08 15:31:00,69.4
2012-10-08 15:37:00,69.3
2012-10-08 15:42:00,69.2
2012-10-08 15:47:00,68.6
2012-10-08 15:52:00,68.9
2012-10-08 15:57:00,69.1
2012-10-08 16:02:00,69.2
2012-10-08 16:18:00,69.2
2012-10-08 16:23:00,69
2012-10-08 16:28:00,68.9
2012-10-08 16:33:00,69.1
2012-10-08 16:38:00,69.1
2012-10-08 16:43:00,68.8
2012-10-08 16:48:00,68.5
2012-10-08 16:53:00,68.4
2012-10-08 16:59:00,68.2
2012-10-08 17:04:00,67.8
2012-10-08 17:19:00,67.1
2012-10-08 17:24:00,66.9
2012-10-08 17:30:00,66.8
2012-10-08 17:35:00,66.9
2012-10-08 17:40:00,66.8
2012-10-08 17:45:00,66.5
2012-10-08 17:50:00,66.3
2012-10-08 17:55:00,66.2
2012-10-08 18:00:00,66.2
2012-10-08 18:19:00,66.1
2012-10-08 18:25:00,66
2012-10-08 18:30:00,65.8
2012-10-08 18:35:00,65.5
2012-10-08 18:40:00,65.6
2012-10-08 18:45:00,65.7
2012-10-08 18:50:00,65.6
2012-10-08 18:55:00,65.4
2012-10-08 19:01:00,65.3
2012-10-08 19:16:00,64.7
2012-10-08 19:25:00,64.3
2012-10-08 19:30:00,64.1
2012-10-08 19:35:00,64
2012-10-08 19:40:00,63.7
2012-10-08 19:45:00,63.4
2012-10-08 19:51:00,63.3
2012-10-08 19:56:00,63.2
2012-10-08 20:01:00,63.1
2012-10-08 20:16:00,62.9
2012-10-08 20:21:00,62.7
2012-10-08 20:26:00,62.6
2012-10-08 20:32:00,62.5
2012-10-08 20:37:00,62.4
2012-10-08 20:42:00,62.2
2012-10-08 20:47:00,61.9
2012-10-08 20:52:00,61.7
2012-10-08 20:57:00,61.6
2012-10-08 21:03:00,61.5
2012-10-08 21:18:00,61.3
2012-10-08 21:23:00,61.2
2012-10-08 21:28:00,61.1
2012-10-08 21:33:00,60.9
2012-10-08 21:38:00,60.7
2012-10-08 21:44:00,60.6
2012-10-08 21:49:00,60.5
2012-10-08 21:54:00,60.4
2012-10-08 21:59:00,60.4
2012-10-08 22:15:00,60.2
2012-10-08 22:20:00,60.1
2012-10-08 22:25:00,59.9
2012-10-08 22:30:00,59.8
2012-10-08 22:35:00,59.7
2012-10-08 22:44:00,59.6
2012-10-08 22:49:00,59.6
2012-10-08 22:54:00,59.6
2012-10-08 22:59:00,59.7
2012-10-08 23:22:00,59.4
2012-10-08 23:27:00,59.3
2012-10-08 23:32:00,59.2
2012-10-08 23:37:00,59
2012-10-08 23:42:00,59
2012-10-08 23:47:00,58.8
2012-10-08 23:52:00,58.7
2012-10-08 23:58:00,58.5
2012-10-09 00:03:00,58.3
2012-10-09 00:18:00,58
2012-10-09 00:23:00,57.5
2012-10-09 00:29:00,57.2
2012-10-09 00:34:00,57
2012-10-09 00:39:00,56.9
2012-10-09 00:44:00,56.8
2012-10-09 00:49:00,56.6
2012-10-09 00:54:00,56.5
2012-10-09 00:59:00,56.2
2012-10-09 01:15:00,55.7
2012-10-09 01:20:00,55.5
2012-10-09 01:25:00,55.5
2012-10-09 01:30:00,55.4
2012-10-09 01:35:00,55.3
2012-10-09 01:40:00,55.2
2012-10-09 01:45:00,55.1
2012-10-09 01:51:00,55
2012-10-09 01:56:00,54.8
2012-10-09 02:01:00,54.6
2012-10-09 02:16:00,54.2
2012-10-09 02:21:00,54.1
2012-10-09 02:26:00,54
2012-10-09 02:31:00,54
2012-10-09 02:37:00,54
2012-10-09 02:42:00,53.9
2012-10-09 02:47:00,53.8
2012-10-09 02:52:00,53.7
2012-10-09 02:57:00,53.5
2012-10-09 03:02:00,53.5
2012-10-09 03:21:00,53.5
2012-10-09 03:26:00,53.4
2012-10-09 03:31:00,53.2
2012-10-09 03:37:00,53
2012-10-09 03:42:00,53
2012-10-09 03:47:00,52.9
2012-10-09 03:52:00,52.8
2012-10-09 03:57:00,52.7
2012-10-09 04:06:00,52.4
2012-10-09 04:16:00,52
2012-10-09 04:21:00,51.9
2012-10-09 04:26:00,51.9
2012-10-09 04:31:00,51.7
2012-10-09 04:37:00,51.6
2012-10-09 04:42:00,51.7
2012-10-09 04:47:00,51.5
2012-10-09 04:52:00,51.5
2012-10-09 04:57:00,51.4
2012-10-09 05:02:00,51.4
2012-10-09 05:18:00,51.4
2012-10-09 05:23:00,51.4
2012-10-09 05:28:00,51.3
2012-10-09 05:33:00,51.4
2012-10-09 05:38:00,51.4
2012-10-09 05:43:00,51.4
2012-10-09 05:49:00,51.5
2012-10-09 05:54:00,51.4
2012-10-09 05:59:00,51.3
2012-10-09 06:04:00,51.2
2012-10-09 06:14:00,51
2012-10-09 06:20:00,51
2012-10-09 06:25:00,50.9
2012-10-09 06:30:00,50.8
2012-10-09 06:35:00,50.7
2012-10-09 06:40:00,50.6
2012-10-09 06:45:00,50.5
2012-10-09 06:50:00,50.4
2012-10-09 06:56:00,50.3
2012-10-09 07:01:00,50.2
2012-10-09 07:16:00,49.9
2012-10-09 07:21:00,49.9
2012-10-09 07:27:00,49.8
2012-10-09 07:32:00,49.9
2012-10-09 07:37:00,50
2012-10-09 07:42:00,50.4
2012-10-09 07:47:00,50.8
2012-10-09 07:52:00,51.2
2012-10-09 07:58:00,51.8
2012-10-09 08:03:00,52.4
2012-10-09 08:18:00,53.6
2012-10-09 08:23:00,54
2012-10-09 08:28:00,54.5
2012-10-09 08:34:00,55.1
2012-10-09 08:39:00,55.9
2012-10-09 08:44:00,56.4
2012-10-09 08:49:00,57.2
2012-10-09 08:54:00,57.8
2012-10-09 08:59:00,58.2
2012-10-09 09:15:00,59.1
2012-10-09 09:20:00,59.5
2012-10-09 09:25:00,59.7
2012-10-09 09:30:00,59.9
2012-10-09 09:35:00,60.6
2012-10-09 09:41:00,60.8
2012-10-09 09:46:00,61.2
2012-10-09 09:51:00,61.5
2012-10-09 09:56:00,62
2012-10-09 10:01:00,62.3
2012-10-09 10:17:00,63.5
2012-10-09 10:22:00,63.8
2012-10-09 10:27:00,64.2
2012-10-09 10:32:00,64.8
2012-10-09 10:37:00,65.6
2012-10-09 10:42:00,66.6
2012-10-09 10:48:00,66.4
2012-10-09 10:53:00,66.7
2012-10-09 10:58:00,66.9
2012-10-09 11:03:00,66.9
2012-10-09 11:19:00,68.5
2012-10-09 11:24:00,68.7
2012-10-09 11:29:00,69.2
2012-10-09 11:34:00,69.1
2012-10-09 11:39:00,69
2012-10-09 11:44:00,68.6
2012-10-09 11:50:00,69.4
2012-10-09 11:55:00,70.4
2012-10-09 12:00:00,70.9
2012-10-09 12:15:00,70.4
2012-10-09 12:21:00,70.5
2012-10-09 12:26:00,70.9
2012-10-09 12:31:00,70.8
2012-10-09 12:36:00,70.8
2012-10-09 12:41:00,70.9
2012-10-09 12:46:00,71.2
2012-10-09 12:52:00,70.8
2012-10-09 12:57:00,70.1
2012-10-09 13:05:00,68.6
2012-10-09 13:19:00,67.8
2012-10-09 13:24:00,67.3
2012-10-09 13:30:00,67
2012-10-09 13:35:00,66.9
2012-10-09 13:40:00,66.9
2012-10-09 13:45:00,67
2012-10-09 13:50:00,67.1
2012-10-09 13:55:00,67.1
2012-10-09 14:01:00,67.2
2012-10-09 14:20:00,68.2
2012-10-09 14:25:00,67.8
2012-10-09 14:30:00,67.5
2012-10-09 14:35:00,67.3
2012-10-09 14:40:00,67.2
2012-10-09 14:45:00,67
2012-10-09 14:51:00,67.1
2012-10-09 14:56:00,67.6
2012-10-09 15:01:00,68.1
2012-10-09 15:16:00,68.4
2012-10-09 15:22:00,68.3
2012-10-09 15:27:00,68.2
2012-10-09 15:32:00,68.5
2012-10-09 15:37:00,68.4
2012-10-09 15:42:00,68.5
2012-10-09 15:47:00,68.4
2012-10-09 15:52:00,68.5
2012-10-09 15:58:00,68.4
2012-10-09 16:03:00,68.4
2012-10-09 16:18:00,68.6
2012-10-09 16:23:00,68.5
2012-10-09 16:29:00,68.6
2012-10-09 16:34:00,68.4
2012-10-09 16:39:00,68
2012-10-09 16:44:00,67.6
2012-10-09 16:49:00,67.2
2012-10-09 16:54:00,66.9
2012-10-09 17:00:00,66.7
2012-10-09 17:15:00,66.2
2012-10-09 17:20:00,66
2012-10-09 17:25:00,65.7
2012-10-09 17:30:00,65.6
2012-10-09 17:36:00,65.4
2012-10-09 17:44:00,65.2
2012-10-09 17:50:00,65.2
2012-10-09 17:55:00,65.3
2012-10-09 18:00:00,65.2
2012-10-09 18:15:00,65.2
2012-10-09 18:20:00,65.2
2012-10-09 18:26:00,65.1
2012-10-09 18:31:00,65
2012-10-09 18:36:00,65
2012-10-09 18:42:00,65
2012-10-09 18:47:00,64.9
2012-10-09 18:52:00,64.9
2012-10-09 18:57:00,64.9
2012-10-09 19:02:00,64.9
2012-10-09 19:18:00,64.9
2012-10-09 19:23:00,64.8
2012-10-09 19:28:00,64.7
2012-10-09 19:33:00,64.5
2012-10-09 19:38:00,64.4
2012-10-09 19:47:00,64.2
2012-10-09 19:52:00,64
2012-10-09 19:57:00,63.9
2012-10-09 20:02:00,63.7
2012-10-09 20:18:00,63.6
2012-10-09 20:23:00,63.6
2012-10-09 20:28:00,63.5
2012-10-09 20:33:00,63.4
2012-10-09 20:39:00,63.4
2012-10-09 20:44:00,63.3
2012-10-09 20:49:00,63.2
2012-10-09 20:54:00,63.2
2012-10-09 20:59:00,63.1
2012-10-09 21:15:00,62.8
2012-10-09 21:20:00,62.7
2012-10-09 21:25:00,62.7
2012-10-09 21:30:00,62.6
2012-10-09 21:35:00,62.6
2012-10-09 21:40:00,62.4
2012-10-09 21:46:00,62.3
2012-10-09 21:51:00,62
2012-10-09 21:56:00,61.5
2012-10-09 22:01:00,61
2012-10-09 22:16:00,59.9
2012-10-09 22:22:00,59.6
2012-10-09 22:27:00,59.5
2012-10-09 22:32:00,59.3
2012-10-09 22:37:00,59.2
2012-10-09 22:42:00,59.2
2012-10-09 22:47:00,59.2
2012-10-09 22:53:00,59
2012-10-09 22:58:00,59
2012-10-09 23:03:00,58.9
2012-10-09 23:18:00,58.7
2012-10-09 23:23:00,58.6
2012-10-09 23:29:00,58.4
2012-10-09 23:34:00,58.4
2012-10-09 23:39:00,58.4
2012-10-09 23:44:00,58.4
2012-10-09 23:49:00,58.4
2012-10-09 23:54:00,58.4
2012-10-10 00:00:00,58.4
2012-10-10 00:15:00,58.5
2012-10-10 00:20:00,58.5
2012-10-10 00:25:00,58.6
2012-10-10 00:30:00,58.7
2012-10-10 00:36:00,58.7
2012-10-10 00:41:00,58.7
2012-10-10 00:46:00,58.7
2012-10-10 00:51:00,58.6
2012-10-10 00:56:00,58.6
2012-10-10 01:01:00,58.5
2012-10-10 01:17:00,58.3
2012-10-10 01:22:00,58.3
2012-10-10 01:27:00,58.3
2012-10-10 01:32:00,58.3
2012-10-10 01:38:00,58.3
2012-10-10 01:43:00,58.2
2012-10-10 01:48:00,58.2
2012-10-10 01:53:00,58.3
2012-10-10 01:58:00,58.3
2012-10-10 02:03:00,58.3
2012-10-10 02:19:00,58.1
2012-10-10 02:24:00,58.1
2012-10-10 02:29:00,58.1
2012-10-10 02:34:00,58.1
2012-10-10 02:39:00,58.1
2012-10-10 02:45:00,58.1
2012-10-10 02:50:00,58.1
2012-10-10 02:55:00,58
2012-10-10 03:00:00,58
2012-10-10 03:16:00,57.8
2012-10-10 03:21:00,57.7
2012-10-10 03:26:00,57.6
2012-10-10 03:31:00,57.5
2012-10-10 03:36:00,57.4
2012-10-10 03:41:00,57.3
2012-10-10 03:46:00,57.2
2012-10-10 03:52:00,57.2
2012-10-10 03:57:00,57.2
2012-10-10 04:02:00,57.1
2012-10-10 04:17:00,57.1
2012-10-10 04:26:00,57.1
2012-10-10 04:31:00,57.2
2012-10-10 04:36:00,57.2
2012-10-10 04:42:00,57.2
2012-10-10 04:47:00,57.1
2012-10-10 04:52:00,57
2012-10-10 04:57:00,57
2012-10-10 05:02:00,56.9
2012-10-10 05:18:00,56.7
2012-10-10 05:23:00,56.7
2012-10-10 05:28:00,56.7
2012-10-10 05:33:00,56.6
2012-10-10 05:38:00,56.5
2012-10-10 05:43:00,56.5
2012-10-10 05:49:00,56.4
2012-10-10 05:54:00,56.4
2012-10-10 05:59:00,56.5
2012-10-10 06:04:00,56.6
2012-10-10 06:14:00,56.8
2012-10-10 06:20:00,56.8
2012-10-10 06:25:00,56.8
2012-10-10 06:30:00,56.7
2012-10-10 06:35:00,56.6
2012-10-10 06:40:00,56.5
2012-10-10 06:45:00,56.5
2012-10-10 06:50:00,56.5
2012-10-10 06:56:00,56.4
2012-10-10 07:01:00,56.3
2012-10-10 07:16:00,56.3
2012-10-10 07:21:00,56.2
2012-10-10 07:27:00,56.2
2012-10-10 07:32:00,56.2
2012-10-10 07:37:00,56.2
2012-10-10 07:42:00,56.3
2012-10-10 07:47:00,56.5
2012-10-10 07:52:00,56.7
2012-10-10 07:57:00,57
2012-10-10 08:03:00,57.1
2012-10-10 08:18:00,57.8
2012-10-10 08:23:00,57.9
2012-10-10 08:28:00,57.9
2012-10-10 08:34:00,58
2012-10-10 08:39:00,58.1
2012-10-10 08:44:00,58.1
2012-10-10 08:49:00,58.2
2012-10-10 08:54:00,58.4
2012-10-10 08:59:00,58.5
2012-10-10 09:15:00,58.3
2012-10-10 09:20:00,58.6
2012-10-10 09:25:00,58.7
2012-10-10 09:30:00,58.7
2012-10-10 09:35:00,59.2
2012-10-10 09:41:00,59.8
2012-10-10 09:46:00,59.8
2012-10-10 09:51:00,59.7
2012-10-10 09:56:00,59.3
2012-10-10 10:01:00,59.2
2012-10-10 10:17:00,59.6
2012-10-10 10:22:00,59.8
2012-10-10 10:27:00,60
2012-10-10 10:32:00,60.4
2012-10-10 10:37:00,60.7
2012-10-10 10:42:00,61.6
2012-10-10 10:48:00,61.5
2012-10-10 10:53:00,61.5
2012-10-10 10:58:00,61.6
2012-10-10 11:03:00,62.1
2012-10-10 11:19:00,63.1
2012-10-10 11:24:00,63.4
2012-10-10 11:29:00,63.4
2012-10-10 11:34:00,63.7
2012-10-10 11:39:00,63.5
2012-10-10 11:44:00,64
2012-10-10 11:49:00,64.3
2012-10-10 11:55:00,64.3
2012-10-10 12:00:00,64.4
2012-10-10 12:15:00,65.5
2012-10-10 12:20:00,65.5
2012-10-10 12:26:00,65.9
2012-10-10 12:31:00,66.3
2012-10-10 12:36:00,66.8
2012-10-10 12:41:00,67
2012-10-10 12:46:00,68
2012-10-10 12:51:00,67.9
2012-10-10 12:56:00,67.9
2012-10-10 13:02:00,68.3
2012-10-10 13:17:00,69.1
2012-10-10 13:22:00,69.5
2012-10-10 13:27:00,69.9
2012-10-10 13:32:00,70
2012-10-10 13:38:00,69.4
2012-10-10 13:43:00,69.5
2012-10-10 13:48:00,69.7
2012-10-10 13:53:00,70
2012-10-10 13:58:00,70.1
2012-10-10 14:03:00,70.5
2012-10-10 14:19:00,70.8
2012-10-10 14:24:00,70.5
2012-10-10 14:29:00,70.3
2012-10-10 14:34:00,69.7
2012-10-10 14:39:00,69.7
2012-10-10 14:45:00,69.9
2012-10-10 14:50:00,69.9
2012-10-10 14:55:00,70.1
2012-10-10 15:00:00,70.2
2012-10-10 15:16:00,69.4
2012-10-10 15:21:00,69.5
2012-10-10 15:26:00,69.7
2012-10-10 15:31:00,69.5
2012-10-10 15:36:00,69.7
2012-10-10 15:41:00,69.9
2012-10-10 15:47:00,69.8
2012-10-10 15:52:00,70
2012-10-10 15:57:00,69.5
2012-10-10 16:02:00,68.7
2012-10-10 16:18:00,67.3
2012-10-10 16:23:00,67
2012-10-10 16:28:00,66.8
2012-10-10 16:33:00,66.4
2012-10-10 16:38:00,66.2
2012-10-10 16:43:00,66.1
2012-10-10 16:48:00,66
2012-10-10 16:54:00,65.8
2012-10-10 16:59:00,65.6
2012-10-10 17:04:00,65.4
2012-10-10 17:14:00,64.9
2012-10-10 17:19:00,64.7
2012-10-10 17:25:00,64.5
2012-10-10 17:30:00,64.4
2012-10-10 17:35:00,64.2
2012-10-10 17:40:00,64
2012-10-10 17:45:00,63.9
2012-10-10 17:50:00,63.8
2012-10-10 17:55:00,63.8
2012-10-10 18:01:00,63.8
2012-10-10 18:16:00,63.7
2012-10-10 18:21:00,63.8
2012-10-10 18:26:00,63.7
2012-10-10 18:32:00,63.7
2012-10-10 18:37:00,63.5
2012-10-10 18:42:00,63.3
2012-10-10 18:47:00,62.9
2012-10-10 18:52:00,62.5
2012-10-10 18:57:00,62.2
2012-10-10 19:03:00,61.8
2012-10-10 19:18:00,60.9
2012-10-10 19:23:00,60.7
2012-10-10 19:28:00,60.6
2012-10-10 19:33:00,60.5
2012-10-10 19:39:00,60.5
2012-10-10 19:44:00,60.4
2012-10-10 19:49:00,60.1
2012-10-10 19:54:00,60
2012-10-10 19:59:00,59.9
2012-10-10 20:15:00,59.4
2012-10-10 20:20:00,59.4
2012-10-10 20:25:00,59.3
2012-10-10 20:30:00,59.2
2012-10-10 20:35:00,59.1
2012-10-10 20:40:00,58.9
2012-10-10 20:46:00,58.8
2012-10-10 20:51:00,58.8
2012-10-10 20:56:00,58.8
2012-10-10 21:02:00,58.7
2012-10-10 21:17:00,58.5
2012-10-10 21:22:00,58.4
2012-10-10 21:27:00,58.4
2012-10-10 21:33:00,58.3
2012-10-10 21:38:00,58.2
2012-10-10 21:43:00,58.1
2012-10-10 21:48:00,58.1
2012-10-10 21:53:00,58
2012-10-10 21:58:00,58
2012-10-10 22:03:00,58
2012-10-10 22:19:00,57.8
2012-10-10 22:24:00,57.6
2012-10-10 22:29:00,57.5
2012-10-10 22:34:00,57.4
2012-10-10 22:39:00,57.4
2012-10-10 22:45:00,57.5
2012-10-10 22:50:00,57.6
2012-10-10 22:55:00,57.7
2012-10-10 23:00:00,57.9
2012-10-10 23:16:00,58.3
2012-10-10 23:21:00,58.3
2012-10-10 23:26:00,58.3
2012-10-10 23:31:00,58.4
2012-10-10 23:36:00,58.5
2012-10-10 23:42:00,58.6
2012-10-10 23:47:00,58.6
2012-10-10 23:52:00,58.6
2012-10-10 23:57:00,58.7
2012-10-11 00:02:00,58.7
2012-10-11 00:18:00,58.8
2012-10-11 00:23:00,58.8
2012-10-11 00:28:00,58.8
2012-10-11 00:33:00,58.7
2012-10-11 00:38:00,58.7
2012-10-11 00:43:00,58.6
2012-10-11 00:49:00,58.4
2012-10-11 00:54:00,58.3
2012-10-11 00:59:00,58.2
2012-10-11 01:04:00,58.2
2012-10-11 01:14:00,58.2
2012-10-11 01:20:00,58.2
2012-10-11 01:25:00,58.2
2012-10-11 01:30:00,58.3
2012-10-11 01:35:00,58.3
2012-10-11 01:40:00,58.4
2012-10-11 01:45:00,58.4
2012-10-11 01:50:00,58.4
2012-10-11 01:56:00,58.4
2012-10-11 02:01:00,58.4
2012-10-11 02:16:00,58.3
2012-10-11 02:22:00,58.3
2012-10-11 02:27:00,58.4
2012-10-11 02:32:00,58.3
2012-10-11 02:37:00,58.4
2012-10-11 02:42:00,58.4
2012-10-11 02:47:00,58.4
2012-10-11 02:53:00,58.3
2012-10-11 02:58:00,58.2
2012-10-11 03:03:00,58.1
2012-10-11 03:18:00,58
2012-10-11 03:23:00,57.9
2012-10-11 03:29:00,57.7
2012-10-11 03:34:00,57.5
2012-10-11 03:39:00,57.4
2012-10-11 03:44:00,57.4
2012-10-11 03:49:00,57.3
2012-10-11 03:55:00,57.2
2012-10-11 04:00:00,57.1
2012-10-11 04:15:00,57.1
2012-10-11 04:20:00,57.1
2012-10-11 04:25:00,57.1
2012-10-11 04:31:00,57.1
2012-10-11 04:36:00,57.1
2012-10-11 04:41:00,57
2012-10-11 04:47:00,57
2012-10-11 04:52:00,57
2012-10-11 04:57:00,56.9
2012-10-11 05:02:00,57
2012-10-11 05:17:00,57
2012-10-11 05:23:00,57
2012-10-11 05:28:00,57
2012-10-11 05:33:00,57
2012-10-11 05:38:00,57.1
2012-10-11 05:43:00,57
2012-10-11 05:48:00,57
2012-10-11 05:54:00,57
2012-10-11 05:59:00,57.1
2012-10-11 06:04:00,57.1
2012-10-11 06:14:00,57.3
2012-10-11 06:19:00,57.2
2012-10-11 06:24:00,57.2
2012-10-11 06:30:00,57.2
2012-10-11 06:35:00,57.1
2012-10-11 06:40:00,57
2012-10-11 06:45:00,56.9
2012-10-11 06:50:00,56.8
2012-10-11 06:55:00,56.6
2012-10-11 07:01:00,56.4
2012-10-11 07:16:00,56.1
2012-10-11 07:21:00,56
2012-10-11 07:27:00,56
2012-10-11 07:32:00,56
2012-10-11 07:37:00,56.1
2012-10-11 07:42:00,56.2
2012-10-11 07:47:00,56.3
2012-10-11 07:52:00,56.4
2012-10-11 07:57:00,56.6
2012-10-11 08:03:00,56.7
2012-10-11 08:18:00,57.1
2012-10-11 08:23:00,57.2
2012-10-11 08:28:00,57.3
2012-10-11 08:34:00,57.4
2012-10-11 08:39:00,57.6
2012-10-11 08:44:00,57.8
2012-10-11 08:49:00,57.8
2012-10-11 08:54:00,57.7
2012-10-11 08:59:00,57.8
2012-10-11 09:15:00,57.9
2012-10-11 09:20:00,58
2012-10-11 09:25:00,58.1
2012-10-11 09:30:00,58.2
2012-10-11 09:35:00,58.2
2012-10-11 09:41:00,58.5
2012-10-11 09:46:00,58.7
2012-10-11 09:51:00,59
2012-10-11 09:56:00,59.2
2012-10-11 10:02:00,59.2
2012-10-11 10:17:00,59.5
2012-10-11 10:22:00,59.6
2012-10-11 10:27:00,59.9
2012-10-11 10:32:00,60.2
2012-10-11 10:38:00,60
2012-10-11 10:43:00,59.9
2012-10-11 10:48:00,60.4
2012-10-11 10:53:00,60.6
2012-10-11 10:58:00,60.8
2012-10-11 11:04:00,60.5
2012-10-11 11:19:00,60.7
2012-10-11 11:24:00,60.6
2012-10-11 11:29:00,60.7
2012-10-11 11:35:00,60.6
2012-10-11 11:40:00,60.9
2012-10-11 11:45:00,60.8
2012-10-11 11:50:00,60.7
2012-10-11 11:55:00,60.8
2012-10-11 12:00:00,60.7
2012-10-11 12:16:00,60.7
2012-10-11 12:21:00,60.7
2012-10-11 12:26:00,60.7
2012-10-11 12:32:00,60.8
2012-10-11 12:38:00,61
2012-10-11 12:43:00,61
2012-10-11 12:48:00,61
2012-10-11 12:53:00,61.2
2012-10-11 12:59:00,61.3
2012-10-11 13:04:00,61.3
2012-10-11 13:19:00,61.3
2012-10-11 13:24:00,61.4
2012-10-11 13:30:00,61.3
2012-10-11 13:35:00,61.1
2012-10-11 13:40:00,61.1
2012-10-11 13:45:00,61.2
2012-10-11 13:50:00,61.2
2012-10-11 13:55:00,61.4
2012-10-11 14:01:00,61.5
2012-10-11 14:16:00,61.7
2012-10-11 14:22:00,61.8
2012-10-11 14:27:00,61.7
2012-10-11 14:32:00,61.7
2012-10-11 14:37:00,61.7
2012-10-11 14:43:00,61.7
2012-10-11 14:48:00,61.6
2012-10-11 14:53:00,61.4
2012-10-11 14:58:00,61.1
2012-10-11 15:03:00,61
2012-10-11 15:19:00,60
2012-10-11 15:24:00,59.9
2012-10-11 15:29:00,60
2012-10-11 15:35:00,60.1
2012-10-11 15:40:00,60.1
2012-10-11 15:45:00,60.2
2012-10-11 15:50:00,60.2
2012-10-11 15:55:00,60.3
2012-10-11 16:00:00,60.3
2012-10-11 16:16:00,60.4
2012-10-11 16:21:00,60.5
2012-10-11 16:26:00,60.4
2012-10-11 16:31:00,60.5
2012-10-11 16:37:00,60.6
2012-10-11 16:42:00,60.6
2012-10-11 16:47:00,60.6
2012-10-11 16:52:00,60.6
2012-10-11 16:57:00,60.6
2012-10-11 17:03:00,60.5
2012-10-11 17:18:00,60.5
2012-10-11 17:23:00,60.4
2012-10-11 17:28:00,60.4
2012-10-11 17:34:00,60.4
2012-10-11 17:39:00,60.5
2012-10-11 17:44:00,60.5
2012-10-11 17:49:00,60.5
2012-10-11 17:54:00,60.4
2012-10-11 18:00:00,60.2
2012-10-11 18:15:00,59.4
2012-10-11 18:20:00,59.2
2012-10-11 18:25:00,59
2012-10-11 18:31:00,59
2012-10-11 18:36:00,59
2012-10-11 18:41:00,59
2012-10-11 18:46:00,59
2012-10-11 18:51:00,58.9
2012-10-11 18:57:00,58.9
2012-10-11 19:02:00,58.8
2012-10-11 19:18:00,58.8
2012-10-11 19:23:00,58.8
2012-10-11 19:28:00,58.8
2012-10-11 19:33:00,58.9
2012-10-11 19:38:00,58.9
2012-10-11 19:43:00,58.9
2012-10-11 19:48:00,58.9
2012-10-11 19:54:00,58.8
2012-10-11 19:59:00,58.7
2012-10-11 20:14:00,58.5
2012-10-11 20:20:00,58.4
2012-10-11 20:25:00,58.4
2012-10-11 20:30:00,58.4
2012-10-11 20:35:00,58.3
2012-10-11 20:40:00,58.3
2012-10-11 20:45:00,58.3
2012-10-11 20:51:00,58.3
2012-10-11 20:56:00,58.3
2012-10-11 21:01:00,58.3
2012-10-11 21:17:00,58.3
2012-10-11 21:22:00,58.2
2012-10-11 21:27:00,58.3
2012-10-11 21:32:00,58.3
2012-10-11 21:37:00,58.3
2012-10-11 21:43:00,58.3
2012-10-11 21:48:00,58.2
2012-10-11 21:53:00,58.3
2012-10-11 21:58:00,58.3
2012-10-11 22:03:00,58.2
2012-10-11 22:19:00,58.1
2012-10-11 22:24:00,58.1
2012-10-11 22:29:00,58.1
2012-10-11 22:34:00,58.1
2012-10-11 22:40:00,58.1
2012-10-11 22:45:00,58.1
2012-10-11 22:50:00,58
2012-10-11 22:55:00,58
2012-10-11 23:00:00,58
2012-10-11 23:16:00,57.9
2012-10-11 23:21:00,58
2012-10-11 23:27:00,57.9
2012-10-11 23:32:00,57.9
2012-10-11 23:37:00,57.9
2012-10-11 23:42:00,57.9
2012-10-11 23:47:00,57.8
2012-10-11 23:52:00,57.8
2012-10-11 23:58:00,57.8
